<?xml version="1.0" encoding="UTF-8"?>
<project-private xmlns="http://www.netbeans.org/ns/project-private/1">
    <editor-bookmarks xmlns="http://www.netbeans.org/ns/editor-bookmarks/2" lastBookmarkId="0"/>
    <open-files xmlns="http://www.netbeans.org/ns/projectui-open-files/2">
        <group>
            <file>file:/C:/Users/Maraya%20Global/Documents/NetBeansProjects/EMS/src/ems/Splash.java</file>
            <file>file:/C:/Users/Maraya%20Global/Documents/NetBeansProjects/EMS/src/ems/Voters.java</file>
            <file>file:/C:/Users/Maraya%20Global/Documents/NetBeansProjects/EMS/src/ems/MainMenu.java</file>
            <file>file:/C:/Users/Maraya%20Global/Documents/NetBeansProjects/EMS/src/ems/Login.java</file>
            <file>file:/C:/Users/Maraya%20Global/Documents/NetBeansProjects/EMS/src/ems/ResultSet.java</file>
            <file>file:/C:/Users/Maraya%20Global/Documents/NetBeansProjects/EMS/src/ems/EMS.java</file>
            <file>file:/C:/Users/Maraya%20Global/Documents/NetBeansProjects/EMS/src/ems/Candidates.java</file>
            <file>file:/C:/Users/Maraya%20Global/Documents/NetBeansProjects/EMS/src/ems/Elections.java</file>
            <file>file:/C:/Users/Maraya%20Global/Documents/NetBeansProjects/EMS/src/ems/Voting.java</file>
            <file>file:/C:/Users/Maraya%20Global/Documents/NetBeansProjects/EMS/src/ems/DashBoard.java</file>
            <file>file:/C:/Users/Maraya%20Global/Documents/NetBeansProjects/EMS/src/ems/Preparedstatement.java</file>
        </group>
    </open-files>
</project-private>
